mse,mae,r2,accuracy,avg_loss
0.029845476,0.12759079,-0.14652419,0.5333333333333333,2.1728334426879883
