mse,mae,r2,accuracy,avg_loss
0.07011599,0.21054803,-0.52147865,0.26666666666666666,20.222946166992188
