mse,mae,r2,accuracy,avg_loss
0.048483506,0.11460408,0.40314877,0.7333333333333333,2.797793388366699
