mse,mae,r2,accuracy,avg_loss
0.095322534,0.25964323,-0.035143137,0.2,45.368858337402344
